﻿"Cube Title","Product Id","CANSIM Id",URL,"Cube Notes","Archive Status",Frequency,"Start Reference Period","End Reference Period","Total number of dimensions"
"Goods and services purchased online by age group","22100138",,"https://www150.statcan.gc.ca/t1/tbl1/en/tv.action?pid=2210013801",1;2;3;4;5,"CURRENT - a cube available to the public and that is current","Occasional","2018-01-01","2020-01-01","3",

"Dimension ID","Dimension name","Dimension Notes","Dimension Definitions"
"1","Geography",,""
"2","Online shoppers and type of good and service",,""
"3","Age group",,""

"Dimension ID","Member Name","Classification Code","Member ID","Parent Member ID",Terminated,"Member Notes","Member Definitions"
"1","Canada","[11124]","1","","",,
"2","Digital goods or services","","2","1","",6,
"2","Physical goods","","3","1","",7,
"2","Peer-to-peer ride services","","4","1","",8,
"2","Peer-to-peer accommodation services","","5","1","",9,
"2","Other services","","6","1","",10,
"2","Online shoppers","","1","","",5,
"3","15 to 24 years","","2","1","",,
"3","25 to 44 years","","3","1","",,
"3","45 to 64 years","","4","1","",,
"3","65 years and over","","5","1","",,
"3","Total, 15 years and over","","1","","",,

Symbol Legend
Description,Symbol
"not available for a specific reference period","..",
"less than the limit of detection","<LOD",
"value rounded to 0 (zero) where there is a meaningful distinction between true zero and the value that was rounded","0s",
"data quality: excellent","A",
"data quality: very good","B",
"data quality: good","C",
"data quality: acceptable","D",
"use with caution","E",
"too unreliable to be published","F",
"not applicable","...",
"preliminary","p",
"revised","r",
"suppressed to meet the confidentiality requirements of the Statistics Act","x",
"terminated","t",

"Survey Code","Survey Name"
"4432","Canadian Internet Use Survey"

"Subject Code","Subject Name"
"22","Digital economy and society"

"Note ID",Note
1,"The target population is all persons 15 years of age and older living in the ten provinces of Canada. It excludes full-time (residing for more than six months) residents of institutions."
2,"The Canadian Internet Use Survey was redesigned in 2018 and its findings should not be compared with those from previous surveys. There may be minor changes in the question wording, notes, inclusions and exclusions between iterations. Refer to the questionnaires when making comparisons between cycles."
3,"Respondents who used the Internet in the past 3 months received this question."
4,"This table is no longer updated."
5,"Online shopping refers to the use of the Internet to order goods and/or services, where the commitment to buy was made online. It includes purchases made for personal or household use, and excludes business-related use.
"
6,"Digital goods and services are digitally delivered and consumed, such as music or video downloads and online data-storage services."
7,"Physical goods are ordered over Internet such as, clothing, books, electronics, toys or groceries, and exclude orders from restaurants and  purchases made through online bulletin boards."
8,"Peer-to-peer ride services are services that connect riders and drivers through a mobile application that acts as an intermediary and processes the payment from the rider to the driver. Examples of peer-to-peer ride intermediaries are Uber and Lyft."
9,"Peer-to-peer accommodation are services that connect travellers and hosts through a mobile application or website that acts as an intermediary and processes the payment from the traveller to the host. Examples of peer-to-peer accommodation intermediaries are Airbnb and Flipkey."
10,"Other services ordered over the Internet include services, such as food or beverages delivered from restaurants, tickets for entertainment events or peer-to-peer ride services. In 2018 peer-to-peer ride services were not included in this category."

"Correction ID","Correction Date","Correction Note"
"3542","2022-12-14","On December 14, 2022, a correction was made for 2018 estimates of online shoppers, online shoppers of physical goods and online shoppers of other services.",

