﻿"REF_DATE","GEO","DGUID","Online shoppers and type of good and service","Age group","UOM","UOM_ID","SCALAR_FACTOR","SCALAR_ID","VECTOR","COORDINATE","VALUE","STATUS","SYMBOL","TERMINATED","DECIMALS"
"2018","Canada","2016A000011124","Online shoppers","Total, 15 years and over","Percent","239","units","0","v1277763505","1.1.1","76.7","A","","","1"
"2018","Canada","2016A000011124","Online shoppers","15 to 24 years","Percent","239","units","0","v1277763511","1.1.2","86.8","A","","","1"
"2018","Canada","2016A000011124","Online shoppers","25 to 44 years","Percent","239","units","0","v1277763517","1.1.3","92.0","A","","","1"
"2018","Canada","2016A000011124","Online shoppers","45 to 64 years","Percent","239","units","0","v1277763523","1.1.4","77.7","A","","","1"
"2018","Canada","2016A000011124","Online shoppers","65 years and over","Percent","239","units","0","v1277763529","1.1.5","44.7","A","","","1"
"2018","Canada","2016A000011124","Digital goods or services","Total, 15 years and over","Percent","239","units","0","v1277763506","1.2.1","51.8","A","","","1"
"2018","Canada","2016A000011124","Digital goods or services","15 to 24 years","Percent","239","units","0","v1277763512","1.2.2","68.4","A","","","1"
"2018","Canada","2016A000011124","Digital goods or services","25 to 44 years","Percent","239","units","0","v1277763518","1.2.3","70.2","A","","","1"
"2018","Canada","2016A000011124","Digital goods or services","45 to 64 years","Percent","239","units","0","v1277763524","1.2.4","46.0","A","","","1"
"2018","Canada","2016A000011124","Digital goods or services","65 years and over","Percent","239","units","0","v1277763530","1.2.5","21.7","A","","","1"
"2018","Canada","2016A000011124","Physical goods","Total, 15 years and over","Percent","239","units","0","v1277763507","1.3.1","66.5","A","","","1"
"2018","Canada","2016A000011124","Physical goods","15 to 24 years","Percent","239","units","0","v1277763513","1.3.2","73.9","A","","","1"
"2018","Canada","2016A000011124","Physical goods","25 to 44 years","Percent","239","units","0","v1277763519","1.3.3","84.1","A","","","1"
"2018","Canada","2016A000011124","Physical goods","45 to 64 years","Percent","239","units","0","v1277763525","1.3.4","66.9","A","","","1"
"2018","Canada","2016A000011124","Physical goods","65 years and over","Percent","239","units","0","v1277763531","1.3.5","34.1","A","","","1"
"2018","Canada","2016A000011124","Peer-to-peer ride services","Total, 15 years and over","Percent","239","units","0","v1277763508","1.4.1","18.0","A","","","1"
"2018","Canada","2016A000011124","Peer-to-peer ride services","15 to 24 years","Percent","239","units","0","v1277763514","1.4.2","25.3","A","","","1"
"2018","Canada","2016A000011124","Peer-to-peer ride services","25 to 44 years","Percent","239","units","0","v1277763520","1.4.3","29.1","A","","","1"
"2018","Canada","2016A000011124","Peer-to-peer ride services","45 to 64 years","Percent","239","units","0","v1277763526","1.4.4","13.7","A","","","1"
"2018","Canada","2016A000011124","Peer-to-peer ride services","65 years and over","Percent","239","units","0","v1277763532","1.4.5","2.9","A","","","1"
"2018","Canada","2016A000011124","Peer-to-peer accommodation services","Total, 15 years and over","Percent","239","units","0","v1277763509","1.5.1","13.1","A","","","1"
"2018","Canada","2016A000011124","Peer-to-peer accommodation services","15 to 24 years","Percent","239","units","0","v1277763515","1.5.2","13.2","A","","","1"
"2018","Canada","2016A000011124","Peer-to-peer accommodation services","25 to 44 years","Percent","239","units","0","v1277763521","1.5.3","21.0","A","","","1"
"2018","Canada","2016A000011124","Peer-to-peer accommodation services","45 to 64 years","Percent","239","units","0","v1277763527","1.5.4","11.5","A","","","1"
"2018","Canada","2016A000011124","Peer-to-peer accommodation services","65 years and over","Percent","239","units","0","v1277763533","1.5.5","3.5","A","","","1"
"2018","Canada","2016A000011124","Other services","Total, 15 years and over","Percent","239","units","0","v1277763510","1.6.1","57.4","A","","","1"
"2018","Canada","2016A000011124","Other services","15 to 24 years","Percent","239","units","0","v1277763516","1.6.2","55.8","A","","","1"
"2018","Canada","2016A000011124","Other services","25 to 44 years","Percent","239","units","0","v1277763522","1.6.3","75.8","A","","","1"
"2018","Canada","2016A000011124","Other services","45 to 64 years","Percent","239","units","0","v1277763528","1.6.4","58.1","A","","","1"
"2018","Canada","2016A000011124","Other services","65 years and over","Percent","239","units","0","v1277763534","1.6.5","29.1","A","","","1"
"2020","Canada","2016A000011124","Online shoppers","Total, 15 years and over","Percent","239","units","0","v1277763505","1.1.1","81.7","A","","","1"
"2020","Canada","2016A000011124","Online shoppers","15 to 24 years","Percent","239","units","0","v1277763511","1.1.2","89.8","A","","","1"
"2020","Canada","2016A000011124","Online shoppers","25 to 44 years","Percent","239","units","0","v1277763517","1.1.3","94.9","A","","","1"
"2020","Canada","2016A000011124","Online shoppers","45 to 64 years","Percent","239","units","0","v1277763523","1.1.4","83.0","A","","","1"
"2020","Canada","2016A000011124","Online shoppers","65 years and over","Percent","239","units","0","v1277763529","1.1.5","54.5","A","","","1"
"2020","Canada","2016A000011124","Digital goods or services","Total, 15 years and over","Percent","239","units","0","v1277763506","1.2.1","67.7","A","","","1"
"2020","Canada","2016A000011124","Digital goods or services","15 to 24 years","Percent","239","units","0","v1277763512","1.2.2","77.2","A","","","1"
"2020","Canada","2016A000011124","Digital goods or services","25 to 44 years","Percent","239","units","0","v1277763518","1.2.3","83.7","A","","","1"
"2020","Canada","2016A000011124","Digital goods or services","45 to 64 years","Percent","239","units","0","v1277763524","1.2.4","66.3","A","","","1"
"2020","Canada","2016A000011124","Digital goods or services","65 years and over","Percent","239","units","0","v1277763530","1.2.5","39.0","A","","","1"
"2020","Canada","2016A000011124","Physical goods","Total, 15 years and over","Percent","239","units","0","v1277763507","1.3.1","75.8","A","","","1"
"2020","Canada","2016A000011124","Physical goods","15 to 24 years","Percent","239","units","0","v1277763513","1.3.2","82.2","A","","","1"
"2020","Canada","2016A000011124","Physical goods","25 to 44 years","Percent","239","units","0","v1277763519","1.3.3","91.0","A","","","1"
"2020","Canada","2016A000011124","Physical goods","45 to 64 years","Percent","239","units","0","v1277763525","1.3.4","76.9","A","","","1"
"2020","Canada","2016A000011124","Physical goods","65 years and over","Percent","239","units","0","v1277763531","1.3.5","47.2","A","","","1"
"2020","Canada","2016A000011124","Peer-to-peer ride services","Total, 15 years and over","Percent","239","units","0","v1277763508","1.4.1","","..","","","1"
"2020","Canada","2016A000011124","Peer-to-peer ride services","15 to 24 years","Percent","239","units","0","v1277763514","1.4.2","","..","","","1"
"2020","Canada","2016A000011124","Peer-to-peer ride services","25 to 44 years","Percent","239","units","0","v1277763520","1.4.3","","..","","","1"
"2020","Canada","2016A000011124","Peer-to-peer ride services","45 to 64 years","Percent","239","units","0","v1277763526","1.4.4","","..","","","1"
"2020","Canada","2016A000011124","Peer-to-peer ride services","65 years and over","Percent","239","units","0","v1277763532","1.4.5","","..","","","1"
"2020","Canada","2016A000011124","Peer-to-peer accommodation services","Total, 15 years and over","Percent","239","units","0","v1277763509","1.5.1","9.3","A","","","1"
"2020","Canada","2016A000011124","Peer-to-peer accommodation services","15 to 24 years","Percent","239","units","0","v1277763515","1.5.2","8.2","A","","","1"
"2020","Canada","2016A000011124","Peer-to-peer accommodation services","25 to 44 years","Percent","239","units","0","v1277763521","1.5.3","15.3","A","","","1"
"2020","Canada","2016A000011124","Peer-to-peer accommodation services","45 to 64 years","Percent","239","units","0","v1277763527","1.5.4","8.0","A","","","1"
"2020","Canada","2016A000011124","Peer-to-peer accommodation services","65 years and over","Percent","239","units","0","v1277763533","1.5.5","3.0","A","","","1"
"2020","Canada","2016A000011124","Other services","Total, 15 years and over","Percent","239","units","0","v1277763510","1.6.1","49.3","A","","","1"
"2020","Canada","2016A000011124","Other services","15 to 24 years","Percent","239","units","0","v1277763516","1.6.2","57.3","A","","","1"
"2020","Canada","2016A000011124","Other services","25 to 44 years","Percent","239","units","0","v1277763522","1.6.3","66.9","A","","","1"
"2020","Canada","2016A000011124","Other services","45 to 64 years","Percent","239","units","0","v1277763528","1.6.4","47.2","A","","","1"
"2020","Canada","2016A000011124","Other services","65 years and over","Percent","239","units","0","v1277763534","1.6.5","21.1","A","","","1"
